ผลการทำงานและการบริการ,ระยะเวลาซ่อมเสร็จตามกำหนด
,อุปกรณ์เครื่องมือประจำรถยนต์
,ทำสีเรียบร้อยดี
,การเปลี่ยนอะไหล่ ตามประกันอนุมัติ
,ตรวจสอบระบบเครื่องยนต์/สายพาน
,ตรวจสอบระบบไฟส่องสว่าง/ไฟสัญญาณ
,ตรวจสอบระบบเบรค/ระดับน้ำมันเบรค/น้ำมันคลัทช์
ตรวจสภาพยาง ,แรงดันลมยาง
,ตรวจระดับน้ำในหม้อน้ำ/หม้อพักน้ำต่าง ๆ
,ตรวจระดับน้ำมันเครื่อง/น้ำมันเกียร์/น้ำมันเพาเวอร์
,ความสะอาดรถยนต์ (ตัวถัง/ดูดฝุ่นภายใน)/ห้องเครื่อง
,ตรวจสอบเครื่องเสียง/วิทยุ
,ตรวจสอบระบบแตรรถยนต์
,ตรวจสอบการทำงานกระจกประตู /กระจกมองข้าง
,ตรวจสอบระบบแอร์ -กลิ่น
,ตรวจพบอาการผิดปกติ อื่นๆ
